HGVS,DITTO
NM_014191.4:c.3806T>C,1
NM_002332.3:c.13447G>T,0.9966295
NM_003239.5:c.557T>G,0.99999994
NM_019074.4:c.1961G>A,5.48E-06
NM_000138.5:c.2114-10T>G,1
NM_000138.5:c.1540C>G,0.046532333
NM_001173543.1:c.1372G>A,0.9901373
NM_013275.6:c.3904G>A,0.056666553
NM_004525.3:c.4181G>A,0.9937524
NM_014139.3:c.3458G>A,0.9999954
NM_007118.4:c.2957G>A,0.80732703
NM_031449.4:c.1012G>A,0.23135811
NM_001354609.2:c.1441G>A,0.9990659
NM_004260.4:c.1448C>G,0.6769791
NM_001185090.2:c.2506G>C,1
NM_002025.4:c.1292G>A,0.9095621